t,command_a,target_erpm,temp_mos_c,temp_motor_c,current_motor_a,current_in_a,id_a,iq_a,duty,erpm,v_in,fault_code,encoder_angle,encoder_age,encoder_erpm,turns,observer_error_deg,observer_error_age
0.026329300002544187,0.0,1200,26.6,-52.7,-0.06,0.0,0.0,-0.13,0.0,0,25.2,0,348.354496,1.1600001016631722e-05,-0.08414866300325696,-0.0004272000000000275,21.06469,0.0002823000031639822
0.05252100000507198,0.0,1200,26.5,-52.7,-0.05,0.0,0.0,-0.12,-0.003,0,25.2,0,348.37648,1.2899996363557875e-05,-0.08414866300325696,-0.00036613333333327265,34.5588,0.0003680000008898787
0.07900119999976596,0.0,1200,26.5,-52.7,0.98,0.01,-0.71,0.8,0.021,0,25.2,0,348.37648,1.3299999409355223e-05,0.18549738510886404,-0.00036613333333327265,28.80407,0.0004397000011522323
0.10569409999880008,0.0,1200,26.5,-52.7,2.6,0.04,-1.81,1.9,0.024,0,25.2,0,348.508288,4.310000076657161e-05,0.5546116194480811,5.421010862427522e-20,29.96304,0.0002491000050213188
0.13188250000530388,0.0,1200,26.6,-52.9,3.41,0.05,-2.42,2.43,0.025,2,25.2,0,349.057632,1.6099998902063817e-05,1.8327161260702716,0.0015259555555556087,29.05777,0.00041570000030333176
0.15799120000156108,0.0,1200,26.6,-52.9,4.13,0.07,-2.94,2.92,0.026,5,25.2,0,349.936512,1.4999997802078724e-05,4.005507390371703,0.003967288888888889,26.738,0.000439799994637724
0.18434810000326252,0.0,1200,26.6,-52.7,4.79,0.08,-3.41,3.37,0.027,10,25.2,0,351.408704,1.5900004655122757e-05,7.667581297278432,0.00805671111111113,28.31973,0.0002021000036620535
0.21074550000048475,0.0,1200,26.6,-52.4,5.36,0.1,-3.84,3.75,0.028,16,25.2,0,353.913568,1.5700003132224083e-05,14.010343249520966,0.01501466666666668,28.54925,0.00031290000333683565
0.2370264999990468,0.0,1200,26.6,-52.5,5.84,0.11,-4.2,4.07,0.028,26,25.2,0,357.495104,1.6500001947861165e-05,22.80109311527728,0.024963377777777872,15.76245,0.00036050000198883936
0.263175100000808,0.0,1200,26.5,-52.8,6.19,0.12,-4.45,4.32,0.028,38,25.2,0,2.504882,2.0700004824902862e-05,34.14719307434617,0.03887942777777782,4.90359,0.0003598000039346516
0.28954910000175005,0.0,1200,26.5,-52.9,6.42,0.12,-4.47,4.61,0.026,52,25.2,0,8.942871,1.809999957913533e-05,48.15861027347813,0.056762730555555564,-28.11734,0.0003995000006398186
0.3159894999989774,0.0,1200,26.6,-52.7,6.44,0.12,-4.34,4.75,0.029,67,25.2,0,16.677246,3.8700003642588854e-05,64.00660924674466,0.07824710555555556,-22.65249,0.00036589999945135787
0.3424062000049162,0.0,1200,26.5,-52.7,6.7,0.13,-4.89,4.58,0.029,81,25.2,0,25.356446,1.679999695625156e-05,79.60716044277959,0.10235599444444447,-49.59871,0.0003135999941150658
0.3689347000035923,0.0,1200,26.5,-52.4,6.95,0.14,-5.02,4.8,0.027,97,25.2,0,35.749512,1.7400001524947584e-05,96.66890306120243,0.13122562222222225,-54.58269,0.0003508000008878298
0.39526840000326047,0.0,1200,26.6,-52.4,6.87,0.13,-4.57,5.11,0.029,113,25.2,0,47.351076,2.0500003302004188e-05,113.15392687230066,0.1634521888888889,-83.21678,0.0003041000018129125
0.4218634999997448,0.0,1200,26.6,-52.0,7.03,0.14,-5.2,4.73,0.029,130,25.2,0,60.600584,1.68999977177009e-05,130.1445081124497,0.20025637777777777,-123.6535,0.0004115999981877394
0.45217170000250917,0.0,1200,26.5,-51.8,7.02,0.13,-4.74,5.16,0.029,151,25.2,0,77.651368,3.420000575715676e-05,149.24303381956,0.24761966666666674,-158.54778,0.00027520000003278255
0.4784536000006483,0.0,1200,26.5,-52.0,7.04,0.14,-5.21,4.74,0.028,170,25.2,0,94.24072,1.9400002202019095e-05,168.78051637145188,0.29370120000000005,177.0044,0.00031070000113686547
0.5051726000019698,0.0,1200,26.6,-51.8,6.88,0.13,-4.68,5.0,0.03,189,25.2,0,112.521976,1.720000000204891e-05,187.83853401774346,0.34448246666666665,146.05103,0.00044660000276053324
0.5315909999990254,0.0,1200,26.6,-51.4,6.98,0.14,-4.96,4.89,0.027,209,25.2,0,132.231448,1.6699996194802225e-05,207.53639389196016,0.399231,116.98447,0.0004721000004792586
0.562060800002655,0.0,1200,26.6,-51.3,6.81,0.13,-4.92,4.69,0.027,231,25.2,0,157.104496,1.2700002116616815e-05,229.41987889861872,0.46832280000000004,62.31894,0.0003412000005482696
0.5883353000026545,0.0,1200,26.6,-51.5,6.62,0.13,-4.62,4.69,0.029,251,25.2,0,180.13184,1.3399992894846946e-05,250.78264477239185,0.5322876444444444,27.18759,0.0005697999949916266
0.6145997999992687,0.0,1200,26.6,-51.4,6.55,0.12,-4.51,4.71,0.029,271,25.2,0,204.631344,2.460000541759655e-05,270.2747095918911,0.6003418222222222,-42.2355,0.0005487000016728416
0.6407480000052601,0.0,1200,26.5,-51.2,6.56,0.12,-4.55,4.69,0.029,288,25.2,0,230.251472,1.4500001270789653e-05,289.44848678561976,0.6715088444444444,-103.16843,0.00035010000283364207
0.6670311999987462,0.0,1200,26.5,-50.9,6.59,0.13,-4.66,4.67,0.028,304,25.2,0,256.904304,1.2999997125007212e-05,306.82056809796063,0.7455444888888889,-152.34172,0.0004951000009896234
0.693252000004577,0.0,1200,26.5,-50.9,6.57,0.12,-4.6,4.65,0.028,323,25.2,0,285.578624,1.8300001102034003e-05,326.4533797973968,0.8251953777777777,145.0293,0.00019250000332249328
0.7196227000022191,0.0,1200,26.5,-50.8,6.55,0.13,-4.67,4.56,0.028,340,25.2,0,315.26368,1.6599995433352888e-05,343.10675342257343,0.9076538666666667,134.6069,0.00046740000107092783
0.7459822000018903,0.0,1200,26.6,-50.9,6.55,0.12,-4.59,4.62,0.028,358,25.2,0,346.64064,1.2299999070819467e-05,360.2588823335231,0.994812088888889,57.00906,0.0004374999989522621
0.7736728000018047,0.0,1200,26.6,-51.3,6.46,0.12,-4.55,4.54,0.029,377,25.2,0,21.159668,2.4900000425986946e-05,378.48039720974845,1.0906982777777778,-38.61905,0.00034500000037951395
0.8004797000030521,0.0,1200,26.6,-51.5,6.49,0.12,-4.62,4.53,0.028,393,25.2,0,55.458984,1.4700002793688327e-05,396.05648791604455,1.1859741555555556,-119.66602,0.000305499997921288
0.8267180000038934,0.0,1200,26.6,-51.5,6.61,0.13,-4.72,4.6,0.028,409,25.2,0,90.461424,1.5300000086426735e-05,411.78985686560867,1.2832031555555556,-164.96666,0.00017050000315066427
0.8532899999991059,0.0,1200,26.6,-51.3,6.67,0.13,-4.73,4.67,0.027,426,25.2,0,127.199704,1.2899996363557875e-05,428.7494286405661,1.3852539333333334,127.00443,0.00046570000267820433
0.8792556000043987,0.0,1200,26.6,-51.3,6.7,0.13,-4.6,4.8,0.028,443,25.2,0,164.663088,1.1299998732283711e-05,445.25024910305683,1.4893188888888889,78.39404,0.00041449999844189733
0.9053535999992164,0.0,1200,26.6,-51.4,6.56,0.13,-4.6,4.63,0.029,461,25.2,0,203.752448,1.2099997547920793e-05,462.1274140101293,1.5979004444444445,-37.84393,0.0004771999956574291
0.9319240000040736,0.0,1200,26.6,-51.0,6.7,0.13,-4.84,4.6,0.028,476,25.2,0,244.357904,1.2800002878066152e-05,479.01627903198556,1.7106933777777777,-136.84592,0.0003738000013981946
0.9583559000020614,0.0,1200,26.6,-50.9,6.77,0.13,-4.56,4.93,0.029,493,25.2,0,286.457504,1.460000203223899e-05,496.2908606327038,1.827636711111111,164.46146,0.00040530000114813447
0.9845407000029809,0.0,1200,26.6,-50.9,6.69,0.13,-4.85,4.58,0.029,510,25.2,0,329.128416,1.5700003132224083e-05,512.844592618623,1.9461670222222223,97.29395,0.00040409999928670004
1.010774100002891,0.0,1200,26.6,-51.2,6.83,0.13,-4.8,4.8,0.027,529,25.2,0,14.040527,1.170000177808106e-05,530.6698616751837,2.070922886111111,-15.01516,0.0004364000051282346
1.0368591000005836,0.0,1200,26.6,-51.4,6.5,0.13,-4.66,4.68,0.029,543,25.2,0,59.128416,1.2399999832268804e-05,545.9263444562228,2.1961670222222223,-77.32618,0.00042099999700440094
1.0630750000054832,0.0,1200,26.5,-51.5,6.85,0.13,-4.69,4.92,0.028,561,25.2,0,106.083984,1.1800002539530396e-05,563.5286110351791,2.3265991555555554,142.23128,0.00041090000013355166
1.0896873000019696,0.0,1200,26.6,-51.3,6.76,0.13,-4.92,4.6,0.028,578,25.2,0,155.12696,1.4199998986441642e-05,580.3856640910824,2.462829644444444,73.49237,0.00045590000081574544
1.1158433000018704,0.0,1200,26.5,-51.4,6.72,0.13,-4.61,4.81,0.029,597,25.2,0,205.488288,1.2899996363557875e-05,600.0271428754526,2.602722222222222,-19.39777,0.000359799996658694
1.1423546000005445,0.0,1200,26.6,-51.1,6.79,0.13,-4.78,4.82,0.028,612,25.2,0,256.728512,1.6500001947861165e-05,614.842025666366,2.7450561777777773,-152.77721,0.0002810000005410984
1.1692156999997678,0.0,1200,26.6,-51.1,6.78,0.13,-4.85,4.71,0.027,630,25.2,0,310.407712,1.1699994502123445e-05,632.8311971767179,2.894165066666666,125.67247,0.00047309999354183674
1.1956190999990213,0.0,1200,26.6,-51.3,6.76,0.13,-4.8,4.71,0.028,648,25.2,0,5.053711,1.2100004823878407e-05,651.289230616114,3.0459595083333326,44.92486,0.0004321000014897436
1.22188019999885,0.0,1200,26.6,-51.5,6.7,0.13,-4.68,4.78,0.029,663,25.2,0,60.161132,1.4900004316587001e-05,668.3167473669587,3.199035677777777,-119.16681,0.00027520000003278255
1.2479220000022906,0.0,1200,26.6,-51.4,6.8,0.13,-4.71,4.84,0.029,681,25.2,0,116.125488,1.410000550094992e-05,683.0278049697042,3.3544922222222215,155.58299,0.0003997000021627173
1.274152600002708,0.0,1200,26.6,-51.4,6.83,0.13,-4.79,4.81,0.029,698,25.2,0,174.045408,1.2700002116616815e-05,701.3339099410426,3.5153808888888882,59.55838,0.0004600000029313378
1.3003499000042211,0.0,1200,26.6,-51.3,6.72,0.13,-4.74,4.76,0.029,714,25.2,0,232.7124,1.1399999493733048e-05,717.5952240408446,3.678344755555555,-89.62404,0.000542200003110338
1.3265506000025198,0.0,1200,26.6,-51.1,6.83,0.13,-4.78,4.82,0.029,731,25.2,0,293.378912,1.7099999240599573e-05,734.0839557538513,3.846862844444444,153.5714,0.0004941000006510876
1.3527799000003142,0.0,1200,26.6,-51.1,6.85,0.13,-4.85,4.78,0.029,747,25.2,0,355.341792,1.2299999070819467e-05,751.6271298025487,4.018981955555555,47.96188,0.00040270000317832455
1.3792609000010998,0.0,1200,26.6,-51.4,6.78,0.13,-4.83,4.76,0.029,763,25.2,0,58.381348,3.550000110408291e-05,767.3492070299023,4.194091833333332,-139.28708,0.00029790000553475693
1.4056963000039104,0.0,1200,26.6,-51.4,6.86,0.13,-4.88,4.82,0.028,780,25.2,0,123.39844,1.2500000593718141e-05,783.9001685660197,4.374694866666665,133.78352,0.00044239999988349155
1.4318847000031383,0.0,1200,26.6,-51.4,6.93,0.14,-4.91,4.84,0.027,798,25.2,0,189.338384,1.7400001524947584e-05,802.4542643875009,4.557861377777776,46.5802,0.0003116000007139519
1.4583812999990187,0.0,1200,26.6,-51.1,6.86,0.13,-4.73,4.92,0.028,813,25.2,0,256.706544,1.8600003386382014e-05,817.5554122860646,4.744995155555554,-170.3229,0.0004549000004772097
1.484991600002104,0.0,1200,26.6,-51.1,6.87,0.14,-4.83,4.84,0.029,830,25.2,0,325.700672,3.51999988197349e-05,833.198728747489,4.936645511111109,122.45428,0.00046660000225529075
1.5122790000023087,0.0,1200,26.6,-51.3,6.94,0.14,-4.96,4.81,0.028,848,25.2,0,38.518068,1.5900004655122757e-05,852.110355067168,5.138916055555554,-55.98611,0.00027540000155568123
1.5384903000012855,0.0,1200,26.6,-51.4,6.92,0.14,-4.75,5.0,0.03,864,25.2,0,109.270016,1.2500000593718141e-05,868.1966558145348,5.335449244444443,126.76202,0.00016709999908925965
1.565238600000157,0.0,1200,26.6,-51.4,6.93,0.14,-5.01,4.76,0.028,882,25.2,0,182.922368,1.2999997125007212e-05,883.7692867680953,5.54003911111111,60.85403,0.0005500999977812171
1.591680700003053,0.0,1200,26.6,-51.2,6.91,0.13,-4.79,4.96,0.029,897,25.2,0,257.255856,1.219999830937013e-05,901.5141415716336,5.746521022222221,-165.67963,0.00010889999975915998
1.6181053000036627,0.0,1200,26.6,-51.1,6.91,0.14,-4.94,4.79,0.028,915,25.2,0,332.841792,1.309999788645655e-05,919.0661971546749,5.956481955555554,95.37076,0.00027859999681822956
1.6447274000020116,0.0,1200,26.6,-51.4,6.95,0.14,-4.79,4.96,0.029,932,25.2,0,50.317384,1.2399999832268804e-05,935.6746785540291,6.1716919333333315,-57.46403,0.00044379999599186704
1.6709852999993018,0.0,1200,26.6,-51.3,6.93,0.14,-4.98,4.83,0.028,948,25.2,0,128.18848,1.1000003723893315e-05,953.2662280603739,6.388000533333331,129.79575,0.00038080000376794487
1.6973345000005793,0.0,1200,26.6,-51.4,6.94,0.14,-4.83,4.91,0.029,967,25.2,0,207.246096,3.650000144261867e-05,970.0940905642195,6.60760502222222,52.12204,0.0005036000002291985
1.7237813000028837,0.0,1200,26.6,-51.1,6.88,0.14,-4.84,4.97,0.029,982,25.2,0,288.676768,1.2299999070819467e-05,987.6764349043931,6.833801333333331,166.17061,0.00031370000215247273
1.7498803000053158,0.0,1200,26.6,-51.2,6.98,0.14,-5.04,4.8,0.027,999,25.2,0,10.107422,1.3299999409355223e-05,1004.9752984319325,7.059997594444442,39.7549,0.0003505000058794394
1.776138400004129,0.0,1200,26.6,-51.4,6.82,0.14,-4.85,4.92,0.028,1015,25.2,0,92.658688,1.290000363951549e-05,1020.5758317977693,7.289306666666665,-150.20564,0.00027740000223275274
1.8027347000024747,0.0,1200,26.6,-51.4,7.01,0.14,-4.89,4.95,0.029,1032,25.2,0,177.319328,3.699999797390774e-05,1035.8314661274474,7.5244751111111094,68.35443,0.0002815999978338368
1.8296450000052573,0.0,1200,26.6,-51.1,6.89,0.14,-4.9,4.93,0.029,1048,25.2,0,265.4956,1.679999695625156e-05,1053.4649630600024,7.769409199999998,-174.83684,0.0002015999998548068
1.8563696999990498,0.0,1200,26.6,-51.1,7.03,0.14,-4.94,4.95,0.03,1065,25.2,0,353.649888,1.7400001524947584e-05,1068.4898015587432,8.01428222222222,101.68292,0.00030250000418163836
1.8830846000055317,0.0,1200,26.6,-51.3,7.04,0.14,-4.95,4.96,0.029,1081,25.2,0,84.02344,1.809999957913533e-05,1085.8808122817638,8.265319866666665,-155.3624,0.0002193000036641024
1.9094866000014008,0.0,1200,26.6,-51.3,7.07,0.14,-4.97,4.97,0.029,1099,25.2,0,173.935552,1.569999585626647e-05,1103.1270754845261,8.515075733333331,54.47955,0.00036579999868990853
1.9354707000020426,0.0,1200,26.6,-51.1,6.9,0.14,-4.95,4.95,0.029,1114,25.2,0,263.8916,1.2399999832268804e-05,1120.7084240267645,8.764953644444443,-117.68414,0.000338700003339909
1.9618784000049345,0.0,1200,26.6,-51.1,7.07,0.14,-4.99,4.96,0.029,1131,25.2,0,356.374496,1.2699994840659201e-05,1136.4960506633086,9.021850577777776,72.08728,0.0004149000014876947
1.9891350000034436,0.0,1200,26.6,-51.3,7.01,0.14,-5.02,4.94,0.029,1147,25.2,0,92.834472,1.930000144056976e-05,1152.878197293419,9.289794955555553,161.41927,0.0001914000022225082
2.0153805000009015,0.0,1200,26.6,-51.3,6.86,0.13,-4.84,4.79,0.027,1166,25.2,0,188.503424,1.1699994502123445e-05,1170.2067487883235,9.555542044444442,86.66299,0.0004528999998001382
2.0418107000004966,0.0,1200,26.6,-51.1,5.83,0.11,-4.2,4.34,0.027,1180,25.2,0,284.611808,1.4700002793688327e-05,1185.635668343211,9.822509777777775,169.89922,0.0003276999996160157
2.0682232000035583,0.0,1200,26.6,-51.2,5.39,0.1,-3.8,3.74,0.026,1195,25.2,0,22.060546,1.2699994840659201e-05,1200.6644660688248,10.093200716666663,-21.50436,0.0004808999947272241
2.0946145999987493,0.0,1200,26.6,-51.3,4.38,0.08,-3.35,3.37,0.025,1205,25.2,0,119.79492,1.4199998986441642e-05,1214.0199162517142,10.364685088888885,167.15828,0.00017600000137463212
2.1207562999989023,0.0,1200,26.6,-51.2,4.02,0.07,-3.07,2.98,0.023,1215,25.2,0,216.848144,1.219999830937013e-05,1225.6728462854803,10.634277377777774,-32.68326,0.00029829999402863905
2.1469085999997333,0.0,1200,26.6,-51.1,3.5,0.06,-2.69,2.77,0.024,1222,25.2,0,314.362784,1.1600001016631722e-05,1231.2502708677796,10.905151377777774,118.59879,0.0003626000034273602
2.173288700003468,0.0,1200,26.6,-51.3,3.14,0.05,-2.5,2.47,0.024,1227,25.2,0,52.229004,1.479999627918005e-05,1236.250985540579,11.177001988888884,-40.88924,0.00045429999590851367
2.199547700001858,0.0,1200,26.6,-51.2,3.02,0.05,-2.33,2.32,0.023,1231,25.2,0,150.183104,1.5300000086426735e-05,1239.0202470884901,11.449096711111107,112.70857,0.0001556999995955266
2.225750600002357,0.0,1200,26.6,-51.1,2.14,0.04,-2.2,2.15,0.022,1234,25.2,0,248.59864,1.4800003555137664e-05,1242.4901977998443,11.722473199999996,-143.80551,0.0002716000017244369
2.2523577000029036,0.0,1200,26.6,-51.1,2.87,0.04,-2.03,2.11,0.023,1237,25.2,0,347.84912,1.6199999663513154e-05,1243.7410338572915,11.998168977777773,101.4039,0.00038779999886173755
2.279013200000918,0.0,1200,26.5,-51.3,1.89,0.04,-1.98,1.95,0.023,1237,25.2,0,87.099608,1.700000575510785e-05,1243.4295802775544,12.273864777777773,-153.70377,0.0004025000016554259
2.3059135000003153,0.0,1200,26.6,-51.3,2.62,0.04,-1.97,1.91,-0.021,1240,25.2,0,188.261712,1.3800003216601908e-05,1246.6898495851117,12.554870622222216,-3.21356,0.0003699000008055009
2.3324590000047465,0.0,1200,26.6,-51.1,1.8,0.03,-1.8,1.92,0.022,1239,25.2,0,287.072768,1.309999788645655e-05,1246.1339051089767,12.829345777777771,-166.94014,0.000454399996669963
2.3587097999989055,0.0,1200,26.6,-51.3,2.28,0.03,-1.9,1.78,0.022,1240,25.2,0,25.620118,1.3600001693703234e-05,1246.2628849269393,13.10308841666666,-29.38875,0.0003437999985180795
2.3851189999986673,0.0,1200,26.6,-51.3,1.82,0.03,-1.79,1.88,0.022,1239,25.2,0,124.211424,1.3999997463542968e-05,1246.2093152777284,13.37695315555555,-178.15954,0.00037989999691490084
2.4111488000053214,0.0,1200,26.6,-51.3,2.28,0.03,-1.87,1.77,0.021,1239,25.2,0,221.308592,1.1399999493733048e-05,1246.601946456687,13.646667511111104,-45.97058,0.00036759999784408137
2.4383468000014545,0.0,1200,26.6,-51.1,1.87,0.03,-1.75,1.85,0.022,1238,25.2,0,321.87744,3.659999492811039e-05,1242.8164000793422,13.926025422222216,114.42114,0.0005290999979479238
2.4650724000021,0.0,1200,26.6,-51.3,1.76,0.03,-1.86,1.78,0.021,1237,25.2,0,61.831056,1.4000004739500582e-05,1243.620911016493,14.203674355555549,-52.95049,0.00027660000341711566
2.4915565000046627,0.0,1200,26.6,-51.3,2.14,0.03,-1.8,1.85,0.021,1237,25.2,0,159.87304,1.2399999832268804e-05,1239.9037734751646,14.476013199999993,101.98425,0.0005380000002332963
2.518137500002922,0.0,1200,26.6,-51.1,1.57,0.03,-1.83,1.81,0.022,1235,25.2,0,259.694832,1.3299999409355223e-05,1241.6160744894748,14.753295955555549,-138.79079,0.0003008999992744066
2.5442985000045155,0.0,1200,26.6,-51.1,2.48,0.03,-1.8,1.81,0.022,1236,25.2,0,357.165536,1.0900002962443978e-05,1241.4032905586246,15.024047911111104,91.74146,0.000335000004270114
2.5722105000022566,0.0,1200,26.6,-51.4,1.53,0.03,-1.83,1.85,0.022,1234,25.2,0,95.119632,3.3899996196851134e-05,1228.1768064736825,15.296142622222215,-153.67754,0.001818799995817244
2.599343300003966,0.0,1200,26.6,-51.3,2.42,0.03,-1.86,1.81,0.022,1236,25.2,0,201.59912,1.0899995686486363e-05,1240.6469252139811,15.59191897777777,-8.25348,0.0003752999982680194
2.625375700001314,0.0,1200,26.6,-51.1,1.74,0.03,-1.77,1.86,0.022,1233,25.2,0,298.059072,1.2399999832268804e-05,1240.947720060932,15.859863288888882,127.25481,0.00032980000105453655
2.652376700003515,0.0,1200,26.6,-51.2,2.37,0.03,-1.9,1.8,0.02,1233,25.2,0,36.14502,1.8399994587525725e-05,1232.8493522459648,16.13232425555555,-18.59955,0.00020319999748608097
2.6789113999984693,0.0,1200,26.6,-51.2,1.68,0.03,-1.81,1.9,0.022,1231,25.2,0,136.384272,1.4599994756281376e-05,1236.258803207087,16.410766622222216,120.87236,0.0003625999961514026
2.7051894000032917,0.0,1200,26.6,-51.2,2.17,0.03,-1.87,1.82,-0.022,1231,25.2,0,233.701168,1.200000406242907e-05,1249.3870885734352,16.681091333333327,-97.27753,0.0003671000013127923
2.731359199999133,0.0,1200,26.6,-51.1,2.05,0.03,-1.84,1.86,0.022,1230,25.2,0,330.710464,1.2399999832268804e-05,1235.002413897559,16.950561599999993,111.70235,0.00031260000105248764
2.757776099999319,0.0,1200,26.6,-51.3,1.77,0.03,-1.92,1.86,0.021,1228,25.2,0,68.33496,1.4199998986441642e-05,1234.365457596461,17.221740755555548,-111.46202,0.0001201999984914437
2.784032700001262,0.0,1200,26.6,-51.3,2.46,0.03,-1.86,1.92,0.022,1229,25.2,0,164.904784,1.9999999494757503e-05,1237.5118596437503,17.48999026666666,113.21104,0.0005210000017541461
2.8112341000014567,0.0,1200,26.6,-51.1,1.63,0.03,-1.87,1.85,0.022,1227,25.2,0,265.385744,1.7099999240599573e-05,1231.8174517508783,17.769104044444436,-118.09947,0.00025380000442964956
2.838087700001779,0.0,1200,26.6,-51.2,2.64,0.04,-1.91,1.87,0.022,1228,25.2,0,4.240722,1.8399994587525725e-05,1230.4715799919823,18.043701205555546,19.33258,0.0006059000006644055
2.8643845000042347,0.0,1200,26.6,-51.4,1.69,0.03,-1.87,1.94,0.022,1227,25.2,0,102.2168,1.189999602502212e-05,1231.609318018993,18.31585697777777,137.72076,0.0004782999967574142
2.8906088000003365,0.0,1200,26.6,-51.3,2.64,0.04,-1.95,1.86,0.022,1228,25.2,0,199.423824,1.5799996617715806e-05,1232.3882901808847,18.585876488888882,24.10037,0.0003001000004587695
2.9173446999993757,0.0,1200,26.6,-51.1,1.76,0.03,-1.82,1.93,0.023,1226,25.2,0,296.982432,1.799999881768599e-05,1230.3273029331099,18.856872622222216,133.93336,0.0006009999997331761
2.9442141000035917,0.0,1200,26.6,-51.3,2.4,0.04,-1.98,1.86,0.022,1226,25.2,0,36.760252,1.2600001355167478e-05,1231.6095119377921,19.134033233333327,-58.88314,0.000494699997943826
2.9705479000040214,0.0,1200,26.6,-51.3,1.95,0.04,-1.88,1.96,0.023,1224,25.2,0,133.571776,1.170000177808106e-05,1231.2779970893046,19.402954133333328,130.63225,0.0004908999981125817
2.9968893000041135,0.0,1200,26.6,-51.3,2.15,0.04,-1.93,1.89,0.022,1224,25.2,0,230.690912,1.1500000255182385e-05,1228.8081916539086,19.672729511111104,-66.23337,0.0005358999987947755
3.0229365000050166,0.0,1200,26.6,-51.1,2.24,0.04,-1.88,1.93,0.023,1223,25.2,0,327.194816,1.1800002539530396e-05,1228.5943294442027,19.940795911111103,128.6962,0.0003091000035055913
3.049303100000543,0.0,1200,26.6,-51.4,2.03,0.04,-1.96,1.9,0.022,1222,25.2,0,63.698732,1.3799995940644294e-05,1229.404750061222,20.208862344444437,-82.71824,0.0003645999968284741
3.0757003000035184,0.0,1200,26.6,-51.3,2.51,0.04,-1.93,1.98,0.022,1222,25.2,0,160.642096,1.2299999070819467e-05,1226.695881305594,20.47814946666666,66.40298,0.0004533000028459355
3.1023910000003525,0.0,1200,26.6,-51.1,1.92,0.04,-1.93,1.91,0.022,1221,25.2,0,259.409184,3.100000321865082e-05,1228.690283613308,20.752502488888883,-82.68969,0.00033350000012433156
3.128936600005545,0.0,1200,26.6,-51.1,2.67,0.04,-1.91,1.92,0.023,1222,25.2,0,357.121568,1.189999602502212e-05,1227.9267470412183,21.023925777777773,67.56088,0.00037849999353056774
3.158083300004364,0.0,1200,26.6,-51.4,1.7,0.04,-1.95,1.96,0.022,1220,25.2,0,96.064456,3.609999839682132e-05,1206.1126000174702,21.298767133333328,179.25712,0.0023071000032359734
3.184983300001477,0.0,1200,26.6,-51.3,2.49,0.04,-1.96,1.91,-0.022,1222,25.2,0,202.829584,2.540000423323363e-05,1226.4657756271479,21.59533693333333,-38.39968,0.0003615000023273751
3.2119476000007126,0.0,1200,26.6,-51.1,1.97,0.04,-1.89,1.96,0.022,1221,25.2,0,302.014176,1.6199999663513154e-05,1226.6982973896727,21.870849688888885,177.45832,0.00017410000145900995
3.2391171000053873,0.0,1200,26.6,-51.3,2.4,0.04,-1.99,1.91,0.021,1221,25.2,0,41.748048,1.9400002202019095e-05,1224.4719041314343,22.147888222222218,-44.52905,0.0004088000059709884
3.2656975999998394,0.0,1200,26.6,-51.3,2.19,0.04,-1.9,1.99,0.023,1219,25.2,0,138.581536,1.809999957913533e-05,1222.3420724952095,22.41687013333333,116.35458,0.0003361999988555908
3.2924760000023525,0.0,1200,26.6,-51.2,1.91,0.04,-1.95,1.89,0.022,1219,25.2,0,237.634272,2.0500003302004188e-05,1243.8413402281215,22.69201662222222,-56.7251,0.0003167999966535717
3.319126700000197,0.0,1200,26.6,-51.1,2.6,0.04,-1.93,1.95,0.022,1219,25.2,0,335.5664,3.590000414988026e-05,1224.575713854926,22.96405031111111,112.75267,0.0002199000009568408
3.3460046000036527,0.0,1200,26.6,-51.3,1.95,0.04,-1.97,1.94,0.021,1218,25.2,0,74.399416,1.5600002370774746e-05,1224.3117204913708,23.238586466666664,-130.21198,0.00017360000492772087
3.3729251000040676,0.0,1200,26.6,-51.3,2.65,0.04,-1.89,1.95,0.023,1219,25.2,0,172.946784,1.7800004570744932e-05,1223.5995292233704,23.512329155555552,30.29931,0.00037259999953676015
3.399434300001303,0.0,1200,26.6,-51.1,1.54,0.04,-1.94,1.91,0.022,1218,25.2,0,270.0,2.2499996703118086e-05,1224.9121518708798,23.78192142222222,-133.42838,0.00040499999886378646
3.426212200000009,0.0,1200,26.6,-51.2,2.72,0.04,-1.97,1.91,0.021,1219,25.2,0,8.85498,1.4099998224992305e-05,1224.2562694560936,24.056518588888885,25.99884,0.00028300000121816993
3.452423100003216,0.0,1200,26.6,-51.3,1.8,0.04,-1.88,1.99,0.023,1218,25.2,0,104.7876,1.9299994164612144e-05,1223.0670652404135,24.322998088888884,137.22263,0.0002742999931797385
3.4785298999995575,0.0,1200,26.6,-51.3,2.53,0.04,-1.99,1.88,0.022,1219,25.2,0,200.96192,1.2700002116616815e-05,1223.760140655043,24.590148977777773,21.9804,0.0003528000015649013
3.5053928999986965,0.0,1200,26.6,-51.1,2.1,0.04,-1.86,1.95,0.023,1217,25.2,0,297.224128,1.6600002709310502e-05,1219.5217830732377,24.857543999999994,137.63083,0.00020740000036312267
3.5323778000019956,0.0,1200,26.6,-51.2,2.24,0.04,-1.99,1.89,0.022,1217,25.2,0,37.331544,1.9599996448960155e-05,1221.864630756495,25.13562015555555,-73.5443,0.0005171000011614524
3.5588983000052394,0.0,1200,26.6,-51.2,2.29,0.04,-1.91,2.0,0.022,1216,25.2,0,134.890144,1.670000347075984e-05,1221.0619556592685,25.40661626666666,135.6443,0.00036269999691285193
3.585006000001158,0.0,1200,26.6,-51.2,2.08,0.04,-1.94,1.9,0.022,1216,25.2,0,231.04248,2.2300002456177026e-05,1222.578696205046,25.67370608888888,-64.86672,0.00024170000688172877
3.612020600005053,0.0,1200,26.6,-51.1,2.38,0.04,-1.91,1.94,0.023,1215,25.2,0,328.579104,2.5399996957276016e-05,1217.8449050523059,25.944641155555548,90.13086,0.0004282999943825416
3.63895720000437,0.0,1200,26.6,-51.3,1.87,0.04,-1.99,1.94,0.022,1214,25.2,0,67.126464,1.6099998902063817e-05,1221.7149913615378,26.218383822222215,-68.88789,0.000596699996094685
3.6653977000023588,0.0,1200,26.6,-51.3,2.57,0.04,-1.93,1.99,0.022,1215,25.2,0,164.5752,2.0200001017656177e-05,1221.0491210814992,26.48907475555555,82.35342,0.0002454999994370155
3.6922517999992124,0.0,1200,26.6,-51.2,1.81,0.04,-1.94,1.92,0.023,1214,25.2,0,262.397456,1.4800003555137664e-05,1218.5574695440332,26.76080324444444,-164.26518,0.0003834000017377548
3.7191903999992064,0.0,1200,26.6,-51.2,2.72,0.04,-1.96,1.94,0.022,1215,25.2,0,1.318359,3.640000068116933e-05,1218.2180615816244,27.03558353055555,74.92502,0.0004465000019990839
3.746040500001982,0.0,1200,26.6,-51.4,1.91,0.04,-1.94,1.98,0.022,1214,25.2,0,99.272464,1.9999999494757503e-05,1220.3260779473142,27.30767826666666,-166.05153,0.0003059999944525771
3.7726680999985547,0.0,1200,26.6,-51.3,2.65,0.04,-1.99,1.92,0.022,1215,25.2,0,197.138672,1.8200000340584666e-05,1221.60057100663,27.579528844444436,-11.58895,0.0002905000001192093
3.7994940999997198,0.0,1200,26.6,-51.2,2.1,0.04,-1.87,1.98,0.023,1213,25.2,0,294.455552,1.979999797185883e-05,1217.6682370330254,27.849853511111103,-175.71162,0.0004169000021647662
3.8258676000041305,0.0,1200,26.6,-51.3,2.37,0.04,-2.0,1.89,0.022,1214,25.2,0,31.091308,1.6699996194802225e-05,1219.694081767113,28.11828616666666,-26.72146,0.00046550000115530565
3.852066100000229,0.0,1200,26.6,-51.3,2.25,0.04,-1.94,2.01,0.022,1213,25.2,0,127.067872,1.2399999832268804e-05,1218.0932301789999,28.384887733333326,123.1855,0.00024370000028284267
3.878537500000675,0.0,1200,26.6,-51.2,2.41,0.04,-1.98,1.92,0.022,1214,25.2,0,223.96728,1.3399992894846946e-05,1219.2807298254716,28.654052755555547,-27.11597,0.0003752999982680194
3.9047987000012654,0.0,1200,26.6,-51.1,2.18,0.04,-1.9,1.98,0.023,1212,25.2,0,319.965824,1.2599994079209864e-05,1217.9659346570068,28.920715377777768,123.06241,0.00031969999690772966
3.9311233000044012,0.0,1200,26.6,-51.3,2.15,0.04,-1.98,1.92,-0.023,1211,25.2,0,55.678712,1.1900003300979733e-05,1218.476810220294,29.1865845111111,-105.01271,0.00039259999903151765
3.9576617999991868,0.0,1200,26.6,-51.2,2.42,0.04,-1.96,1.98,0.022,1212,25.2,0,151.721184,1.9700004486367106e-05,1215.149735319286,29.453369155555546,112.6084,0.0003409999990253709
3.9844269000022905,0.0,1200,26.6,-51.1,1.83,0.04,-1.99,1.94,-0.021,1211,25.2,0,248.422848,2.9499999072868377e-05,1212.518919972215,29.72198488888888,-110.56667,0.0004434000002220273
4.01148159999866,0.0,1200,26.6,-51.0,2.6,0.04,-1.94,2.01,0.023,1211,25.2,0,348.837888,1.6099998902063817e-05,1215.781311632828,30.000915555555547,40.95007,0.0003816999960690737
4.038148100000399,0.0,1200,26.6,-51.3,1.76,0.04,-1.97,1.94,0.023,1211,25.2,0,86.088864,1.3600001693703234e-05,1215.1629956252991,30.271057155555546,-111.52313,0.0005014999987906776
4.064346700004535,0.0,1200,26.6,-51.3,2.74,0.04,-1.99,1.96,0.022,1212,25.2,0,181.691888,1.5700003132224083e-05,1216.0985463647055,30.536621111111103,43.06033,0.00045959999988554046
4.091213100000459,0.0,1200,26.6,-51.1,2.1,0.04,-1.96,2.01,0.022,1210,25.2,0,278.832992,9.859999408945441e-05,1216.5252823721773,30.806457511111102,153.47029,0.0007867999956943095
4.1176526000053855,0.0,1200,26.6,-51.1,2.74,0.04,-2.02,1.94,0.022,1212,25.2,0,16.391602,1.979999797185883e-05,1220.745277693208,31.077453649999992,35.09793,0.00034579999919515103
4.144457000002149,0.0,1200,26.6,-51.3,1.99,0.04,-1.89,2.03,0.023,1210,25.2,0,112.961424,1.4899997040629387e-05,1213.5502326473515,31.345703155555547,158.94817,0.0005466000002343208
4.1714368000029936,0.0,1200,26.6,-51.2,2.47,0.04,-2.03,1.9,0.022,1211,25.2,0,212.563472,1.6400001186411828e-05,1216.6430653298253,31.622375511111102,-55.72043,0.00017279999883612618
4.198128500000166,0.0,1200,26.6,-51.0,2.17,0.04,-1.94,2.02,0.022,1210,25.2,0,309.221184,1.5700003132224083e-05,1214.75744681905,31.890869155555546,139.63225,0.00043990000267513096
4.224312400001509,0.0,1200,26.6,-51.3,2.44,0.04,-1.99,1.95,0.022,1210,25.2,0,45.4834,1.3100005162414163e-05,1217.8996386038418,32.15826419999999,-71.15484,0.00035010000283364207
4.250599700004386,0.0,1200,26.6,-51.3,2.2,0.04,-1.93,2.0,0.023,1209,25.2,0,140.932624,1.580000389367342e-05,1214.8223914879118,32.423400933333326,109.41443,0.000451300002168864
4.2772058000045945,0.0,1200,26.6,-51.2,2.26,0.04,-1.99,1.92,-0.022,1209,25.2,0,237.238768,1.309999788645655e-05,1216.0271591252435,32.690917999999996,-65.94583,0.0005075000008218922
4.303354200004833,0.0,1200,26.6,-51.1,2.37,0.04,-1.96,1.98,0.022,1209,25.2,0,333.391104,1.3600001693703234e-05,1214.9217370627564,32.95800782222222,96.64731,0.00033429999893996865
4.329595200004405,0.0,1200,26.6,-51.3,2.08,0.04,-2.01,1.97,-0.021,1208,25.2,0,68.137208,1.2799995602108538e-05,1214.2177734852096,33.22119144444444,-136.39972,0.0003209999995306134
4.356213500002923,0.0,1200,26.6,-51.2,2.63,0.04,-1.95,2.02,0.022,1209,25.2,0,165.14648,1.2299999070819467e-05,1212.1611588191495,33.490661644444444,101.08286,0.00037090000114403665
4.382760100001178,0.0,1200,26.6,-51.0,1.91,0.04,-1.97,1.94,0.022,1208,25.2,0,261.540528,1.5300000086426735e-05,1212.1649929247321,33.75842288888889,-139.82903,0.0004239000045345165
4.409078000004229,0.0,1200,26.6,-51.1,2.68,0.04,-1.96,1.96,0.023,1209,25.2,0,357.956544,1.2700002116616815e-05,1215.05125676026,34.02624515555556,94.27655,0.00047220000124070793
4.435406200005673,0.0,1200,26.6,-51.3,1.9,0.04,-1.98,1.98,0.022,1208,25.2,0,93.559568,1.219999830937013e-05,1212.0480337411166,34.291809111111114,-150.09694,0.00045649999810848385
4.461892300001637,0.0,1200,26.6,-51.3,2.78,0.04,-2.02,1.97,0.021,1210,25.2,0,190.722656,2.010000025620684e-05,1216.061384492351,34.561706577777784,6.18492,0.00033310000435449183
4.489050600001065,0.0,1200,26.6,-51.1,1.83,0.04,-1.89,2.02,0.023,1208,25.2,0,287.907712,1.5700003132224083e-05,1211.4691070544816,34.83166506666667,-151.87186,0.0004071000003023073
4.515714400004072,0.0,1200,26.6,-51.2,2.59,0.04,-2.02,1.9,0.022,1209,25.2,0,26.872558,1.410000550094992e-05,1216.7643925495483,35.10656741666667,11.44267,0.0002542000001994893
4.542008600001282,0.0,1200,26.6,-51.3,1.74,0.04,-1.94,2.02,0.023,1207,25.2,0,121.684568,1.2799995602108538e-05,1212.9866152727168,35.369934111111114,132.77202,0.000396399998862762
4.568144900003972,0.0,1200,26.6,-51.2,2.67,0.04,-2.03,1.93,0.021,1209,25.2,0,216.694336,1.4199998986441642e-05,1213.2815208317422,35.63385013333333,1.96824,0.0005384999967645854
4.594328700004553,0.0,1200,26.6,-51.0,2.26,0.04,-1.94,2.03,0.022,1207,25.2,0,312.187488,1.3899996702093631e-05,1211.7050753736773,35.89910888888889,132.04094,0.00034890000097220764
4.6204798000035225,0.0,1200,26.6,-51.2,2.42,0.04,-2.01,1.96,0.022,1207,25.2,0,47.241212,1.1600001016631722e-05,1215.625721976289,36.163147011111114,-56.44303,0.00036270000418880954
4.646659800004272,0.0,1200,26.6,-51.2,2.26,0.04,-1.93,2.01,0.023,1207,25.2,0,142.536624,1.3600001693703234e-05,1210.8670763194036,36.42785648888889,128.45546,0.00035770000249613076
4.6730873999986215,0.0,1200,26.6,-51.2,2.12,0.04,-2.02,1.94,0.022,1207,25.2,0,238.601072,1.1300006008241326e-05,1212.7827404165762,36.69470217777778,-65.48031,0.00037290000182110816
4.699301699998614,0.0,1200,26.6,-51.1,2.49,0.04,-1.97,2.0,0.022,1206,25.2,0,333.56688,1.1900003300979733e-05,1211.9275993882022,36.958496088888886,72.23483,0.0003828999979305081
4.725256600002467,0.0,1200,26.6,-51.4,2.16,0.04,-2.02,1.97,0.022,1206,25.2,0,68.159176,1.1200005246791989e-05,1211.7297529427258,37.22125246666666,-72.5459,0.0003679000001284294
4.751727000002575,0.0,1200,26.6,-51.4,2.78,0.04,-1.97,2.04,0.022,1206,25.2,0,164.619136,1.4099998224992305e-05,1212.4484234776362,37.489196799999995,73.32315,0.00044999999954598024
4.778051200002665,0.0,1200,26.6,-51.3,1.84,0.04,-1.98,1.96,-0.022,1205,25.2,0,260.156256,1.340000017080456e-05,1211.6498080159943,37.75457768888889,-169.7091,0.00042830000165849924
4.804579600000579,0.0,1200,26.6,-51.3,2.76,0.04,-1.96,1.98,0.023,1206,25.2,0,356.748032,1.1100004485342652e-05,1212.0955303940889,38.02288817777777,79.85965,0.0003860000069835223
4.831294200004777,0.0,1200,26.6,-51.5,1.88,0.04,-2.0,2.0,0.022,1205,25.2,0,92.482912,1.4000004739500582e-05,1209.4847095721036,38.2888184,-160.01866,0.0005104000010760501
4.859146200004034,0.0,1200,26.6,-51.5,2.74,0.04,-2.04,1.97,0.021,1208,25.2,0,194.765632,1.1199997970834374e-05,1211.468254618155,38.57293706666666,-25.1354,0.0005013999980292283
4.885653700002877,0.0,1200,26.6,-51.2,1.96,0.04,-1.9,2.03,0.023,1206,25.2,0,290.808096,1.1699994502123445e-05,1210.0510686844991,38.839721688888886,-169.25852,0.0005472999982885085
4.91229359999852,0.0,1200,26.6,-51.3,2.49,0.04,-2.04,1.93,0.022,1207,25.2,0,27.839356,1.3800003216601908e-05,1210.9695243695066,39.109252966666666,-6.71186,0.0003510000024107285
4.938757700001588,0.0,1200,26.6,-51.3,2.17,0.04,-1.95,2.03,0.022,1205,25.2,0,123.81592,1.1999996786471456e-05,1210.0719805399697,39.37585453333333,126.83533,0.00034389999927952886
4.964731200001552,0.0,1200,26.6,-51.3,2.38,0.04,-2.04,1.95,0.022,1207,25.2,0,218.05664,1.2600001355167478e-05,1212.9666758090636,39.63763431111111,-20.70016,0.0004941000006510876
4.991485300000932,0.0,1200,26.6,-51.1,2.26,0.04,-1.95,2.04,0.022,1205,25.2,0,314.714368,2.1200001356191933e-05,1209.0150160710723,39.906127999999995,129.26508,0.0001773000039975159
5.018181200000981,0.0,1200,26.6,-51.3,2.18,0.04,-1.99,1.95,0.022,1205,25.2,0,51.020508,1.550000160932541e-05,1207.903772694288,40.17364505555555,-88.24699,0.0005806999979540706
